Name,Age,Income,Number of Purchases,Total Spend,Category
Bruce Jones,71,133770,11,8458,High Spender
Allen Young,72,157726,5,6055,High Spender
Katherine Smith,63,42403,42,5746,High Spender
Laura Webb,19,196276,32,7930,High Spender
Teresa Peters,22,156892,35,311,Low Spender
Rhonda Barnes,62,57678,94,9045,High Spender
Dr. Rhonda Moore,33,122544,23,4493,Medium Spender
Sarah Howard,18,55963,85,5074,High Spender
Corey Cox DDS,50,148205,8,2944,Medium Spender
Logan Reed,23,79905,1,7926,High Spender
Michele Freeman,77,161635,81,1293,Medium Spender
Ashley Brown,22,89942,74,5505,High Spender
Timothy Hamilton,25,183664,12,3569,Medium Spender
Lindsey Todd,63,153224,51,8290,High Spender
Jesus Jenkins,65,174733,13,1099,Medium Spender
Tanya Hunt,43,141038,37,5799,High Spender
Christina Walters,56,109341,9,9551,High Spender
Thomas Juarez,62,100497,38,4401,Medium Spender
Shelby Castaneda,52,93348,95,5319,High Spender
William Martin,58,52211,40,1640,Medium Spender
Katherine Wilson,23,47408,84,8362,High Spender
Hannah Perkins,20,33875,83,5632,High Spender
Scott Clark,29,180949,53,7314,High Spender
Rodney Jones,30,55672,2,7229,High Spender
Cynthia Brown,56,118761,16,1214,Medium Spender
Joseph Pierce,72,166671,83,8208,High Spender
Tracy Foster,67,89662,66,6232,High Spender
Leslie Lynch,24,140354,75,656,Low Spender
Amanda Vang,42,169698,85,8330,High Spender
Cindy Green,20,79282,12,837,Low Spender
Andrew Wright,69,175615,6,3671,Medium Spender
Natasha Sloan,36,114100,53,6622,High Spender
William Smith,45,140103,10,9691,High Spender
Benjamin Travis,49,194133,96,5069,High Spender
Lisa Hale,47,35391,18,6841,High Spender
Michael Ramsey,42,67773,79,6778,High Spender
Beth Clark,67,126753,93,184,Low Spender
Isaiah Davis,38,71762,81,6272,High Spender
Ralph Stone,36,25781,88,4972,Medium Spender
Jenna Lee,69,42818,39,1582,Medium Spender
James Taylor,68,135309,98,6185,High Spender
Mark Williams,29,65229,93,3899,Medium Spender
Gregory Garcia,23,91662,2,5626,High Spender
Jeffrey Rivera,40,181422,21,7571,High Spender
Michael Nelson,34,81278,80,2663,Medium Spender
Sarah Riggs,19,54544,33,6063,High Spender
Austin Benjamin,66,24888,47,1824,Medium Spender
Shannon Olson,32,101838,48,6016,High Spender
Vincent Cordova,74,158516,96,8456,High Spender
Ronald Morris,65,151985,28,8532,High Spender
Marco Williams,34,172798,50,6394,High Spender
Bryan Orr,62,46610,79,1176,Medium Spender
Joseph Zimmerman,45,74263,67,774,Low Spender
Cynthia Wright,34,140939,64,9348,High Spender
Anita Ellis,57,171638,40,5212,High Spender
Natasha Burgess,54,91850,100,6069,High Spender
Ebony Vazquez,29,35503,13,6283,High Spender
Miguel Bean,38,121446,67,5128,High Spender
Isaiah Maldonado,36,38819,2,6738,High Spender
Tracy Klein,38,149196,4,8521,High Spender
Wesley Ramirez,35,148943,86,8322,High Spender
Dennis Edwards,27,74101,83,6987,High Spender
Andre Gonzalez,59,34609,10,2467,Medium Spender
Rebecca Perez,53,53633,3,6566,High Spender
Steven Dennis,66,146421,16,6737,High Spender
Cathy Bradley,72,142863,94,7344,High Spender
Jodi Cole,78,148556,65,6699,High Spender
William Richard,55,29351,18,7057,High Spender
Paul Horton,62,93748,27,1592,Medium Spender
Christopher Powell,50,27217,30,8641,High Spender
Benjamin Jones,28,138663,16,7697,High Spender
Amanda Roberts,37,130730,64,340,Low Spender
Elizabeth Monroe,40,146804,56,6360,High Spender
Darrell Henson,19,195466,79,5736,High Spender
Joshua Hardy,32,121425,17,8380,High Spender
Jonathan Armstrong,58,149901,55,1711,Medium Spender
Virginia Padilla,51,134679,65,6882,High Spender
David Moore,18,132189,43,7886,High Spender
Justin Clark,68,47555,39,7484,High Spender
Ashley Rogers,40,128738,93,6459,High Spender
John Warren,64,121821,84,8272,High Spender
Evan Jackson,69,122911,28,1569,Medium Spender
Leah Reynolds,39,25306,5,6080,High Spender
Rhonda Kline,19,86636,64,5333,High Spender
Cassandra Anderson,22,106005,36,4141,Medium Spender
Yolanda Hawkins,77,83010,60,5542,High Spender
Ryan Greene,49,50486,3,4403,Medium Spender
Benjamin Jackson,40,117683,52,4548,Medium Spender
Gabriel Turner,60,102538,63,5105,High Spender
Andrew Conley,41,154948,93,9504,High Spender
Eric Adams,69,60382,16,4088,Medium Spender
Shelia Anderson,55,111139,32,6043,High Spender
Angela Harrison,19,166601,78,9044,High Spender
Jennifer Lambert,20,187248,34,1528,Medium Spender
Christopher Gallegos,58,51234,66,6381,High Spender
Beth Meyers,22,93500,20,118,Low Spender
Amanda Thompson,78,72408,85,2138,Medium Spender
Timothy Singleton,32,154769,76,7101,High Spender
Nancy Snyder,29,64448,32,552,Low Spender
Kristi Boyd,47,53549,26,9836,High Spender
Steven Haynes,37,195988,58,6634,High Spender
Sally Hughes,80,161213,56,4541,Medium Spender
Jeffrey Johnson,55,193921,12,2273,Medium Spender
Sheila Day,24,139121,20,4003,Medium Spender
Brian Ramirez,80,188158,68,9695,High Spender
Brenda Rocha,23,148108,88,763,Low Spender
Yvette Walker,68,176827,61,7332,High Spender
Andrea Hanson,62,187320,79,1740,Medium Spender
Betty Harris,64,116650,50,5912,High Spender
Melinda Spencer,41,63358,33,633,Low Spender
Troy Gross,76,94047,36,7591,High Spender
Raymond Holland,73,73100,16,5906,High Spender
Tina Knox,65,177797,1,1702,Medium Spender
Destiny Strong,33,89320,66,4905,Medium Spender
Walter Gomez,60,83577,26,4710,Medium Spender
Christine Williams,57,153545,95,5966,High Spender
Michele Fernandez,41,54405,26,7620,High Spender
Julie Simmons,27,197661,22,8545,High Spender
Kim Rodriguez,19,60990,10,5051,High Spender
Peter Knapp,75,78171,16,3493,Medium Spender
Gregory Walters,57,46186,66,6426,High Spender
Sarah Lawson,67,20509,91,4731,Medium Spender
Summer Tate,60,185229,7,8862,High Spender
Joel Roberts,23,158157,28,2081,Medium Spender
Dylan Hood,30,193653,87,2871,Medium Spender
Kathryn Bender,34,163123,32,9661,High Spender
Sean Cannon,32,22314,24,5743,High Spender
Danielle Harrington,32,193440,5,5114,High Spender
Amanda Jackson,34,56058,73,1847,Medium Spender
John Anderson,54,48682,32,3306,Medium Spender
Lauren Fuentes,70,53832,84,4237,Medium Spender
Krystal Jackson,49,152175,96,1992,Medium Spender
Nicholas Parker,28,101437,72,6912,High Spender
Wendy Malone,23,67385,61,2437,Medium Spender
Megan Reed,53,112622,40,809,Low Spender
Kristin Myers,49,79043,5,115,Low Spender
Jordan Johnson,68,88912,36,8307,High Spender
Kimberly Wallace,48,56743,42,7544,High Spender
Kellie Mullen,33,41144,99,1696,Medium Spender
Matthew Gallegos,58,182742,28,8232,High Spender
Antonio Murphy,70,157906,20,3784,Medium Spender
Daniel Hart,19,28043,60,3504,Medium Spender
Tony Valentine,38,110130,81,2257,Medium Spender
Edward Perez,38,130891,42,4900,Medium Spender
James Aguilar,37,193916,87,920,Low Spender
Nicole Wilson,65,78738,29,322,Low Spender
Shannon Gonzalez,33,162885,26,6955,High Spender
Melanie Williams,44,55675,40,6966,High Spender
Joshua Thomas,42,181823,8,8506,High Spender
Joy Jordan,68,168770,92,5703,High Spender
Kelly Spence,52,141953,49,2579,Medium Spender
Marcia Bryan,80,66487,12,4734,Medium Spender
Kristopher Brown,56,59650,93,4305,Medium Spender
Mary Robinson,56,169859,40,6779,High Spender
Julian Jordan,42,113421,9,625,Low Spender
Amanda Kim,79,165332,48,1110,Medium Spender
Keith Morgan,21,113466,55,3202,Medium Spender
Michael Sanchez Jr.,56,135857,14,5908,High Spender
Julie Holden,74,67555,93,3038,Medium Spender
Timothy Cunningham,43,178561,48,347,Low Spender
Joseph Khan,52,197797,34,7844,High Spender
Tracy Acosta,36,138609,12,4104,Medium Spender
Joseph Henson,34,143284,16,2439,Medium Spender
Joshua Gonzalez,71,107851,48,9132,High Spender
Bryan Aguirre,24,197531,76,8785,High Spender
Danielle Walsh,67,115957,40,2364,Medium Spender
Cheryl Day,20,127450,74,6771,High Spender
Roy Kemp,47,192115,12,6279,High Spender
Bonnie Robinson,52,36695,23,6831,High Spender
Cheryl Walls,38,97379,89,5801,High Spender
Jennifer Burgess,43,51304,66,729,Low Spender
Donald Smith,64,155348,87,5405,High Spender
Christopher Garrett,54,66426,93,1072,Medium Spender
Latoya Dean,51,54876,50,3427,Medium Spender
Robert Frost,50,77480,26,3060,Medium Spender
Jennifer Welch,19,169176,97,7215,High Spender
Linda Davis,80,129168,60,3627,Medium Spender
Christina Hanson,72,47441,49,2599,Medium Spender
Marcus Bennett,71,79149,46,7906,High Spender
Jason Clark,35,81600,44,6123,High Spender
Christian Johnson,47,65823,98,7892,High Spender
Kristen Pineda,45,87638,1,6243,High Spender
Rachael Williams,72,22571,95,4567,Medium Spender
Jeffrey Fields,19,22820,78,3084,Medium Spender
Robert Lee,74,76070,97,4220,Medium Spender
Tara Jones,78,124162,92,6196,High Spender
Barbara Gonzalez,41,180208,18,4692,Medium Spender
Sherri Rodriguez,36,184702,92,1677,Medium Spender
Amy Odonnell,51,114800,74,5405,High Spender
Catherine Vasquez,71,177097,59,6388,High Spender
Sergio Durham,59,45780,70,4218,Medium Spender
James Curtis,64,87833,75,1256,Medium Spender
Holly Howard,23,48453,14,236,Low Spender
Kevin Gross,60,30109,9,3290,Medium Spender
Mike Jones,79,174715,33,2753,Medium Spender
Christine Navarro,77,94780,42,2988,Medium Spender
Amy Hernandez,55,37863,89,775,Low Spender
Richard Ryan,22,139026,42,9867,High Spender
Victoria Smith,47,165102,34,8950,High Spender
Miss Julia Hill,50,169023,55,8946,High Spender
Tiffany Evans MD,77,99118,35,6358,High Spender
April Williamson,36,93527,11,5631,High Spender
Joseph Russell,46,111864,1,8963,High Spender
Mary Miller,45,112903,58,7195,High Spender
Michael Watson,68,140477,41,6400,High Spender
Kim Smith,73,115677,87,4207,Medium Spender
Lisa Stewart,39,98623,31,947,Low Spender
Kimberly Perez,57,61054,17,3001,Medium Spender
Patricia Riggs,46,172327,62,6355,High Spender
Nancy Wright,74,31582,47,3033,Medium Spender
Janet Christensen,79,99215,41,8937,High Spender
Mark Graham,64,20505,69,2917,Medium Spender
Samuel Stewart,25,112825,45,9295,High Spender
Elizabeth Rodriguez,40,55492,89,5902,High Spender
Margaret Williams,64,80983,84,7807,High Spender
Cody Parker,67,59914,8,6024,High Spender
Jonathan James,55,41826,79,3260,Medium Spender
Penny Curry,18,90739,79,8016,High Spender
Mario Mckee,71,77991,4,7968,High Spender
Andrew Silva,25,58598,36,1257,Medium Spender
Katrina Owen,33,150997,19,2277,Medium Spender
Eric Keith,76,87573,31,844,Low Spender
Dean Scott,29,57444,52,158,Low Spender
Melissa Schmidt,37,194438,31,735,Low Spender
Amy Rodriguez,56,179532,87,267,Low Spender
Emily Craig,79,178466,45,4607,Medium Spender
John Brown,24,78379,30,525,Low Spender
Jacob Burns,35,84564,5,8481,High Spender
Phillip English,36,32198,95,2403,Medium Spender
Mr. Stephen Schultz,56,136703,41,1106,Medium Spender
Terry Norman,58,185798,28,1046,Medium Spender
Kenneth Kent DVM,69,66525,37,9675,High Spender
Alexander Goodwin,58,138235,50,1260,Medium Spender
Seth Hensley,47,182508,77,924,Low Spender
Timothy Romero,64,159160,31,5717,High Spender
Nathaniel Flowers,20,137467,81,6108,High Spender
Jennifer Kerr,77,60226,37,6408,High Spender
Paul Parker,25,172387,41,979,Low Spender
Michelle Wood,38,183906,12,404,Low Spender
Michael Walker,57,124191,26,4794,Medium Spender
Andrew Thompson,56,122815,67,9060,High Spender
Dustin Beasley,18,94756,75,9618,High Spender
Brett Johnson,26,47468,33,1951,Medium Spender
Andrew Olson,76,143898,45,250,Low Spender
Melissa Clark,45,168481,42,9005,High Spender
Christopher Larson,78,65424,52,5563,High Spender
Alan Johnston,62,192965,40,5816,High Spender
Edward Smith,73,190489,9,6827,High Spender
Kevin Reed,75,67609,73,7702,High Spender
Mark Thomas DDS,80,24493,2,5419,High Spender
Jasmine English,63,31585,93,2864,Medium Spender
John Roy,30,70738,36,6886,High Spender
Tami Carpenter,48,160184,79,549,Low Spender
Rhonda Garrison,23,41231,59,981,Low Spender
Theresa Williams,44,88013,78,7882,High Spender
David Vargas,24,49972,45,3506,Medium Spender
Joseph Jensen,51,21497,84,5189,High Spender
Mark Vasquez,49,134148,75,7645,High Spender
Edward Perez,29,72175,40,6653,High Spender
Alexander Nunez,48,37378,8,5468,High Spender
Erik Johnson Jr.,73,170756,65,6938,High Spender
Destiny Gonzalez,27,112634,32,9756,High Spender
Ronald Anderson,50,164145,65,4643,Medium Spender
Christine Flores,53,163462,89,2298,Medium Spender
Charles Riley,67,152467,56,5732,High Spender
Timothy Clark,31,194752,7,5047,High Spender
Brenda Palmer,29,100229,67,8576,High Spender
Duane Mitchell,39,69543,37,3075,Medium Spender
Sue Williams,29,150505,91,9210,High Spender
Kaitlyn Walker,79,185815,39,9834,High Spender
Christina Thomas,71,93709,61,378,Low Spender
Dr. Andrew Moore MD,63,119154,6,3663,Medium Spender
Tamara Hunt,71,187189,65,8350,High Spender
Jennifer Andrews,18,37491,4,4115,Medium Spender
Connie Friedman,71,128624,14,7430,High Spender
Michael Mendoza,44,57154,45,3304,Medium Spender
Scott Hardy,48,115538,33,9575,High Spender
Alexa Harrison,20,60531,21,5602,High Spender
Bobby Thompson,53,190069,100,7865,High Spender
Julia Gonzalez,49,55681,41,6069,High Spender
Amanda Davis,45,187119,44,6419,High Spender
Cynthia Rodriguez,19,40232,41,3180,Medium Spender
Kevin Perkins,44,33397,92,5361,High Spender
Daniel Foster,20,167229,15,1880,Medium Spender
Audrey Becker,37,128083,61,7878,High Spender
Bryan Beck,75,196364,47,9168,High Spender
Patricia Larson,69,87096,35,4883,Medium Spender
Sheila Salas,45,129988,3,5812,High Spender
Maxwell Phillips,53,117215,29,6182,High Spender
Traci Hill,24,62300,85,8159,High Spender
Roberto Campos,77,168247,7,4031,Medium Spender
Spencer Morton,46,104474,42,1112,Medium Spender
Justin Fitzpatrick,50,91320,44,7745,High Spender
Lisa Wagner,72,53251,75,7668,High Spender
William Long,73,95783,67,866,Low Spender
Gabrielle Yang,41,120700,46,4443,Medium Spender
Richard Cook,56,31255,12,6402,High Spender
Nancy Frank,53,124579,95,6742,High Spender
Jay Huffman,43,126639,66,8593,High Spender
Elijah Jones,48,188231,73,4042,Medium Spender
Samantha Morales,32,159223,84,8264,High Spender
Amanda Terry,24,152128,13,1211,Medium Spender
Tanya Scott,55,90149,91,3272,Medium Spender
Gabriel Lewis,22,108745,54,5114,High Spender
Tommy Galloway,60,190496,66,177,Low Spender
John Duffy,28,144941,92,2537,Medium Spender
Christopher Turner,41,138999,15,3547,Medium Spender
Heidi Caldwell,42,168462,35,444,Low Spender
Amber Dunlap,31,170780,47,2649,Medium Spender
Jillian Gillespie,57,168370,98,3905,Medium Spender
Kimberly Barker,78,115196,54,5485,High Spender
Megan Valencia,76,59180,48,1949,Medium Spender
Timothy Andrews,31,26638,58,5908,High Spender
Crystal Cummings,74,71622,94,7984,High Spender
Nicole Chen,71,119803,44,7666,High Spender
Stacey Ward,22,122012,62,450,Low Spender
Christian Abbott,65,95822,82,8368,High Spender
David Sims,32,178227,95,2248,Medium Spender
Antonio Johnson,77,141227,95,2016,Medium Spender
Katherine Chambers,19,164661,84,9438,High Spender
Mary Scott,19,105164,62,6008,High Spender
Cynthia Morris,79,84175,70,2932,Medium Spender
Robert Watkins,22,78441,4,4298,Medium Spender
Peter Hudson,76,29126,91,453,Low Spender
Sonya Phillips,66,188295,64,800,Low Spender
Kevin Peters,62,47687,30,9963,High Spender
Cheryl Stokes,57,169492,29,8334,High Spender
Annette Hunter,55,29125,74,1545,Medium Spender
Mary Joseph,40,136036,55,8519,High Spender
Michael Hill,35,62019,88,1238,Medium Spender
Stanley Gilmore,77,53647,47,4908,Medium Spender
Christine Parker,18,60986,66,1208,Medium Spender
Brittany Garza,32,40443,41,1398,Medium Spender
Geoffrey Richard,42,57614,97,2444,Medium Spender
William Hancock,56,94194,53,1562,Medium Spender
Aaron Higgins,54,169082,76,4668,Medium Spender
Robin Anderson,41,73783,66,7847,High Spender
Megan Lopez,56,110896,79,9790,High Spender
Casey Tucker,38,192097,66,6118,High Spender
Karl Reyes,22,172266,25,2540,Medium Spender
Janice Henry,29,114739,89,5857,High Spender
Kimberly Huynh,76,68041,78,9509,High Spender
Robert Bennett,58,145341,44,7060,High Spender
Cheryl Taylor,41,154148,40,3117,Medium Spender
Robert Mccall,71,71857,37,9659,High Spender
Ian Barnes,58,187142,84,6800,High Spender
Mckenzie Martin,78,91024,76,8103,High Spender
Krystal Brown,73,72460,17,5041,High Spender
Seth Mora,65,132663,81,3117,Medium Spender
Joseph Gaines,19,80617,35,7592,High Spender
Jessica Elliott,57,103546,1,4216,Medium Spender
Caleb Ashley Jr.,33,194328,88,4646,Medium Spender
Kimberly Gonzalez,76,123437,38,2997,Medium Spender
Shirley Evans,40,176306,57,2052,Medium Spender
Mr. Keith Garza MD,77,40821,58,5182,High Spender
Mrs. Deborah Hunter,62,196365,46,1227,Medium Spender
Paul Green,67,95173,40,4896,Medium Spender
Amy Rodriguez,63,97463,82,7903,High Spender
Brenda Davis,66,54073,42,3968,Medium Spender
Amber Vang,53,38904,8,1303,Medium Spender
Emily Smith,73,66012,83,9627,High Spender
Scott Jennings,54,79672,35,798,Low Spender
Jessica Calderon MD,23,125243,46,5791,High Spender
Michael Johnson,65,132069,91,757,Low Spender
Chris Dalton,45,166240,34,9271,High Spender
Whitney Brock,49,143804,46,5272,High Spender
Dr. Lisa Cox,66,89703,23,3372,Medium Spender
Cindy Mccall,19,166824,41,7861,High Spender
Amber Williams,78,61202,11,3113,Medium Spender
Samuel Mccormick,25,106369,89,2263,Medium Spender
Suzanne Hensley,19,33864,75,4770,Medium Spender
Jenna Baker,41,126248,11,4982,Medium Spender
Jeffrey Lopez,63,125794,47,9992,High Spender
Jordan Lopez,20,160920,65,7587,High Spender
George Roberson,60,68917,43,2094,Medium Spender
Mary Lee,76,189565,20,5273,High Spender
Joseph Knapp,55,107076,22,7639,High Spender
John Reyes,46,62514,98,7898,High Spender
Timothy Ramirez,75,76187,24,1449,Medium Spender
Lisa Roberts,65,183084,37,1231,Medium Spender
Erica Willis,65,128240,13,6134,High Spender
Lisa Parsons,73,51503,2,814,Low Spender
Michael Wilson,44,159634,23,4051,Medium Spender
Douglas Lane,38,28197,71,1483,Medium Spender
Jennifer Kelley,71,140148,94,2855,Medium Spender
Michael Webb,60,150643,91,4057,Medium Spender
Crystal White,20,162017,61,1350,Medium Spender
Jonathan Keller,47,134969,3,9872,High Spender
James Hall,57,50142,6,1153,Medium Spender
Kenneth Bennett,24,64026,85,1730,Medium Spender
Kathy Knight,34,112662,51,9303,High Spender
Timothy Griffith DDS,80,20961,14,6544,High Spender
Tammy Choi,29,52352,40,2742,Medium Spender
Michelle Lewis,50,61686,15,3933,Medium Spender
Edward Ingram,36,38192,11,7941,High Spender
Leah Coleman,25,106293,40,4319,Medium Spender
Samuel Carpenter,45,138764,44,447,Low Spender
Ricardo Dorsey,34,93754,7,1918,Medium Spender
Ashley Lawson,40,62897,69,8248,High Spender
Alexander Becker,71,63366,40,8987,High Spender
Robert Jennings,68,154395,90,2773,Medium Spender
Sarah Johnson,44,119216,87,4741,Medium Spender
Christine Dominguez,52,78483,34,6130,High Spender
Scott Brooks,32,86129,32,4298,Medium Spender
Nicholas Hunt,79,176164,80,5093,High Spender
Michael Smith,25,114261,50,8416,High Spender
Roger Johnson,76,182168,68,636,Low Spender
Mrs. Jean Baldwin,23,105169,69,641,Low Spender
Michelle Espinoza,29,160999,79,7026,High Spender
Nathan Rodriguez,44,45578,76,548,Low Spender
Amanda Reed,46,47298,42,4212,Medium Spender
Anthony Newman,73,60011,58,7847,High Spender
Carol Hall,56,44883,88,758,Low Spender
Justin Morales,18,138740,6,1509,Medium Spender
Christopher Gill,48,66270,99,3003,Medium Spender
Megan Sparks,63,168300,22,5939,High Spender
Brad Ibarra,36,49394,92,1351,Medium Spender
Victoria Oneill,54,37333,91,7011,High Spender
Douglas Turner,31,29269,96,4790,Medium Spender
Jonathan Wong,62,186116,33,6983,High Spender
Mark Williamson,25,137702,68,2690,Medium Spender
Ashley Sanchez,61,190959,44,3997,Medium Spender
Amy Smith,27,85653,69,1056,Medium Spender
Theresa Flowers,56,171066,38,426,Low Spender
Christian Clements,67,89978,57,541,Low Spender
Todd Fischer,40,180472,75,229,Low Spender
Amanda Garcia,79,25894,73,3545,Medium Spender
Peggy Little,54,152541,57,3279,Medium Spender
Elizabeth Malone,74,24290,78,3295,Medium Spender
Lori Smith,63,23151,34,4415,Medium Spender
Daniel Hogan,42,112259,27,3051,Medium Spender
Ariel Peters,43,48646,78,9349,High Spender
Kathleen Jones,32,175241,54,9910,High Spender
Jeff Jones,43,140500,69,4320,Medium Spender
Dale Williams,77,160521,81,9365,High Spender
Andrea Mclaughlin,30,50450,94,9779,High Spender
Sean Rogers,58,109517,4,1020,Medium Spender
Vincent Glass,33,104945,45,9551,High Spender
Monica Hale,25,173787,97,6451,High Spender
Joshua Thompson MD,68,101506,13,5594,High Spender
Donna Davis,20,92194,15,2823,Medium Spender
Kristi Prince,76,77510,99,8576,High Spender
Angel Tapia DDS,47,199176,48,5461,High Spender
James Duncan,72,81481,85,7931,High Spender
Kelly Patel,52,86303,45,2093,Medium Spender
Joshua Hill,43,98168,74,6585,High Spender
Maria Mckay,74,51990,25,6799,High Spender
Hunter Carpenter,68,131323,5,9707,High Spender
Thomas Beasley,44,186371,53,5968,High Spender
Alexander Wilson,80,104097,38,9130,High Spender
Hayley Montgomery,67,33054,30,7033,High Spender
Haley Kemp,55,47059,4,6851,High Spender
Christine Gonzales,48,159051,7,7892,High Spender
Jill Mcconnell,37,128336,43,3759,Medium Spender
Teresa Hill,43,115118,30,6623,High Spender
Kim Lawrence,56,56711,29,4297,Medium Spender
Julie Lawrence,79,185256,37,8679,High Spender
Anthony White,71,51408,50,6159,High Spender
Kimberly Rodriguez,18,51435,41,5030,High Spender
Taylor Dominguez,53,156315,89,2345,Medium Spender
Christine West,64,100767,8,8528,High Spender
Kim Wagner,57,156107,56,8674,High Spender
Alyssa Dunn,56,89453,60,8073,High Spender
Steven Lopez,77,175779,98,6988,High Spender
Amanda Ayala,73,183695,77,7461,High Spender
Christine Burgess,24,192205,97,7070,High Spender
Valerie Gibbs,50,27602,75,9357,High Spender
Richard Haley,41,188504,26,5651,High Spender
Kimberly Hopkins,54,74034,12,2861,Medium Spender
John Thomas,78,41178,14,5215,High Spender
Daniel Olsen,80,77366,82,2124,Medium Spender
Bonnie Reed,78,63781,96,9926,High Spender
Marco Smith,34,147324,49,8737,High Spender
Jennifer Farley,26,165364,85,5809,High Spender
Nancy Turner,65,132483,95,3715,Medium Spender
Brian Alvarado,41,155607,23,3804,Medium Spender
Carolyn Miller,77,119172,15,3703,Medium Spender
Debbie Jones,62,91352,46,2540,Medium Spender
Jennifer Smith,56,62285,53,2446,Medium Spender
Travis Ayala II,55,142830,96,5310,High Spender
James Kelly,52,116835,83,9472,High Spender
Michael Holmes,71,41953,39,1032,Medium Spender
Joshua Wilkinson,59,29524,49,9753,High Spender
Denise Horne,54,122874,55,5563,High Spender
Kevin Lyons,66,22258,39,2154,Medium Spender
Tammy Higgins,71,47477,42,8712,High Spender
Alyssa Robbins,42,132494,18,7410,High Spender
Edward Beard Jr.,26,147357,31,9129,High Spender
Robert Aguirre,53,68842,18,7700,High Spender
Matthew Quinn,68,188660,38,2682,Medium Spender
Frank Phelps,59,58673,24,8790,High Spender
Joseph Guerrero,22,135691,59,8628,High Spender
Ryan Lee,29,131716,92,7855,High Spender
Elizabeth Butler,59,36081,48,3141,Medium Spender
Sara Galvan,24,91449,16,9632,High Spender
Kevin Maxwell,62,40526,5,5565,High Spender
Joseph Jimenez DDS,56,45744,42,2842,Medium Spender
Mr. Larry Hunt,70,131390,62,2678,Medium Spender
Jennifer Schmidt,52,199493,50,664,Low Spender
Rachel Martinez,28,92472,72,5257,High Spender
Matthew Cisneros,59,120675,30,1192,Medium Spender
Amanda Page,58,180683,17,1176,Medium Spender
Cassandra Little,73,58706,35,8459,High Spender
Christopher Lewis,56,36810,41,9982,High Spender
James Maxwell,21,143597,38,1648,Medium Spender
Brittany Martinez,24,190692,49,2077,Medium Spender
Lisa Hughes,66,22688,97,6454,High Spender
Mark Gomez,80,64854,29,1840,Medium Spender
Michael Chen,46,53414,82,2390,Medium Spender
Lisa Bennett,52,64849,47,1238,Medium Spender
Katherine Kirby,42,129975,46,4087,Medium Spender
Phillip Munoz,70,104383,12,1606,Medium Spender
John Vargas,69,51646,30,9252,High Spender
Randy Arias,70,128529,61,1232,Medium Spender
Emily Conner,23,83443,81,9990,High Spender
Allison Davis,21,53410,17,1558,Medium Spender
Elizabeth Davis,78,48320,50,5528,High Spender
Lisa Brown,24,94918,6,4317,Medium Spender
Andrea Suarez,43,130323,84,8978,High Spender
Virginia Floyd,18,93046,86,6763,High Spender
Rodney Collins,27,181728,26,6396,High Spender
Julie Lee,63,116281,94,4575,Medium Spender
Sally Guerra,74,40800,84,9111,High Spender
Courtney Soto,69,175471,28,5477,High Spender
Brandon Christensen,22,191755,54,6929,High Spender
Sandra Thomas,32,149193,66,4673,Medium Spender
Christina Love,21,154554,18,9597,High Spender
Robert Hale,30,44075,52,601,Low Spender
Amy Johnson,42,115645,24,4837,Medium Spender
Jessica Miller,49,80937,14,392,Low Spender
Richard Vasquez,70,149914,69,8315,High Spender
Alec Hodges,48,146554,21,5950,High Spender
Megan Caldwell,35,128293,70,3997,Medium Spender
Michael James,60,21090,13,9263,High Spender
Cassandra Thomas PhD,72,104857,62,6448,High Spender
Holly Thomas,72,80830,90,8269,High Spender
Jerry Taylor,49,70557,34,3755,Medium Spender
Benjamin Goodman,72,172610,12,5139,High Spender
Patricia Brown,29,53453,33,5467,High Spender
Nathan Mendoza,39,49332,62,759,Low Spender
David Lewis,42,89860,95,4743,Medium Spender
Alexandra Nguyen,71,43998,48,6011,High Spender
Kara Frazier,19,130152,93,795,Low Spender
Meagan Golden,50,188482,21,9435,High Spender
Jasmine Hansen,27,72616,69,1534,Medium Spender
Stephanie Anderson DVM,46,198645,83,4280,Medium Spender
Madison Lopez,32,178515,27,4141,Medium Spender
Christian Beck,56,182953,20,7715,High Spender
Miguel Welch,43,102402,14,948,Low Spender
Ashlee Johnson,29,194782,13,8286,High Spender
Kimberly Meadows,34,144053,87,8748,High Spender
Nicole Gilmore,25,75604,61,774,Low Spender
Michael Lester,29,40186,62,6798,High Spender
Caitlin King,62,148441,41,2862,Medium Spender
Anthony Ford,61,75281,5,6005,High Spender
James Jordan,20,29591,53,1630,Medium Spender
Brittany Garcia,39,77184,32,4380,Medium Spender
Jonathan Pratt,31,24598,58,9227,High Spender
Robert Munoz,72,151662,58,5677,High Spender
Charles Wolf,66,97487,13,7844,High Spender
Sheryl Smith,43,110962,55,3253,Medium Spender
Sonia Pacheco,54,123459,98,1841,Medium Spender
Daniel Jones,76,178279,87,9017,High Spender
James Nguyen,19,47410,83,7313,High Spender
Jonathan Rubio,18,68463,42,3314,Medium Spender
April Gamble,59,44097,96,7452,High Spender
Daniel Williams,71,61514,4,6031,High Spender
Rodney Huynh,47,128036,13,3481,Medium Spender
Kristen Ferguson DDS,28,125268,69,6051,High Spender
Brianna Gibbs,28,156699,68,8717,High Spender
Kathleen Sexton,35,101501,53,2048,Medium Spender
Elizabeth Long,30,86461,48,1815,Medium Spender
Shelby Williams,18,124676,29,4796,Medium Spender
Karina Torres DDS,45,26084,32,8984,High Spender
Donald Fisher,43,114096,79,2132,Medium Spender
Michelle Navarro,25,174863,20,7621,High Spender
Megan Cook,43,47598,15,9634,High Spender
Karen Savage,63,189892,13,7843,High Spender
William Davis,32,41477,79,4129,Medium Spender
Marcia Hill,51,60427,36,7585,High Spender
Charles Hernandez,38,77538,24,3243,Medium Spender
Clayton Norris,62,82786,79,4814,Medium Spender
Dean Myers,53,89704,75,1083,Medium Spender
Barry Stuart,72,86337,9,3308,Medium Spender
Loretta Smith,21,124543,51,2432,Medium Spender
Crystal Kramer,25,137474,45,9411,High Spender
Lisa Jimenez,78,159391,1,6620,High Spender
Christopher Dixon,18,60800,24,1942,Medium Spender
Danielle Walsh,50,53232,4,9445,High Spender
Kristina Perez,56,56709,43,4711,Medium Spender
William Sandoval,57,181588,23,6383,High Spender
Alison Hudson,43,162643,60,7323,High Spender
David Montgomery,24,184168,80,5893,High Spender
Angela Mccall,72,25215,12,9552,High Spender
Matthew Yates,52,137282,99,1307,Medium Spender
Yvette Ortega,65,159083,35,6682,High Spender
Mary Lewis,61,188295,51,2757,Medium Spender
Michael Jones,73,116243,56,3683,Medium Spender
Ann Sloan,73,135943,2,2688,Medium Spender
Nicole Walls,52,34497,66,4756,Medium Spender
Adriana Bennett,48,134755,93,9637,High Spender
Heather Yang,59,183157,27,6133,High Spender
Karen Christian,66,155505,98,8084,High Spender
Robert Howell,79,155587,77,9654,High Spender
Mallory Estrada,25,60225,26,1194,Medium Spender
Reginald Flores,62,149577,70,8654,High Spender
Matthew Nichols,55,199679,57,8845,High Spender
Kristin Sanchez,38,174623,81,2209,Medium Spender
Nancy Grant,77,123480,53,7592,High Spender
John Hopkins,62,55996,97,241,Low Spender
Rebecca Williams,79,38579,88,3425,Medium Spender
John Simon Jr.,57,63026,67,1317,Medium Spender
Shaun Hill,78,186308,59,7417,High Spender
Debra Kramer,41,156735,14,9639,High Spender
Kimberly Hicks,30,47633,41,8049,High Spender
Gregory Mendez,60,172953,42,5817,High Spender
Jennifer Holt,18,184053,39,4629,Medium Spender
Danielle Galvan,41,20163,15,3219,Medium Spender
Robert Williams,61,171148,96,1607,Medium Spender
Victor Blake,68,75532,91,8770,High Spender
Lauren Gomez,30,136986,57,783,Low Spender
Samuel Larson,46,127971,81,1911,Medium Spender
Hayden Shields,78,26380,58,1674,Medium Spender
Sharon Myers,67,84678,92,7602,High Spender
Michael Hoover,77,109506,52,6910,High Spender
Michael Cervantes,33,66676,61,2561,Medium Spender
Mr. Juan Johnson,28,145650,64,5723,High Spender
Amber Perry,69,41544,16,6059,High Spender
Melanie Miller,63,118293,32,5989,High Spender
Sheena White,58,187981,72,6959,High Spender
Renee Gonzales,67,96922,53,6548,High Spender
Henry Schaefer,43,46353,48,9109,High Spender
Kimberly Taylor,73,72993,79,9487,High Spender
Andrew Caldwell,52,89415,3,1649,Medium Spender
Sean Willis,58,112858,33,6035,High Spender
Seth Reyes,31,98768,89,3505,Medium Spender
Brian Rodriguez,64,144458,19,9009,High Spender
Julie Stewart,75,198715,89,4052,Medium Spender
Lisa Lamb,29,176192,26,2327,Medium Spender
James Martin,31,196664,34,9492,High Spender
Alyssa Kim,42,23886,97,8853,High Spender
Linda Warren,80,77109,57,8417,High Spender
Mr. Michael Waters,33,39423,16,1707,Medium Spender
Tiffany Perez,64,32171,43,8096,High Spender
Ryan Garcia MD,35,113278,21,578,Low Spender
Diana Stevens,71,66014,11,6620,High Spender
Nicholas Hall,72,76822,24,2774,Medium Spender
Tracy Greer,72,139391,57,104,Low Spender
Ricky Campos,79,31305,73,1184,Medium Spender
Reginald Carr,18,183472,53,715,Low Spender
Laura Gonzalez,41,199299,16,8174,High Spender
John Nichols,57,84447,28,7426,High Spender
Michelle Phillips,21,31151,35,7904,High Spender
Lindsey Bryant,26,153330,5,8488,High Spender
Jermaine Benjamin,58,75393,55,6375,High Spender
Juan Smith,49,150331,27,9170,High Spender
Laura Young,43,192517,93,6612,High Spender
Lydia Miller,34,35237,45,9924,High Spender
Keith Ramos,78,43836,100,9132,High Spender
Steven Whitney,43,188501,4,6609,High Spender
Vincent Harper,66,30212,76,2795,Medium Spender
Jennifer Reed,34,108105,38,534,Low Spender
Deborah Hayes,32,78051,29,5821,High Spender
Stefanie Holmes,66,152646,89,213,Low Spender
Jacob Chapman,32,64431,74,5723,High Spender
Erin Dixon,36,163695,29,5156,High Spender
Lori Nguyen,28,73377,86,5308,High Spender
Rebecca Davis,26,75560,35,3329,Medium Spender
Kimberly Nixon,22,64401,34,6404,High Spender
Heather Jackson,26,101862,27,7497,High Spender
Bryan Johnson,19,142447,83,4639,Medium Spender
Casey Schwartz,35,60695,58,481,Low Spender
Eric Mendez,78,66430,5,6220,High Spender
Christopher Schaefer,23,24124,72,5286,High Spender
Gail Banks,58,179266,15,652,Low Spender
Gina Rasmussen,74,128372,71,3732,Medium Spender
Aimee Parker,19,72522,59,7839,High Spender
Joe Jackson,58,182608,60,8875,High Spender
Victoria Williams,30,38296,57,6620,High Spender
Samantha Hayes,46,184669,58,9792,High Spender
William Reed,25,169358,95,6132,High Spender
Heidi Gregory,49,147868,48,7190,High Spender
Anthony Gray,55,128137,29,6781,High Spender
Evan Castro,68,74251,18,6800,High Spender
Lisa Byrd,37,128102,19,401,Low Spender
Jeffrey White,25,78330,47,8532,High Spender
Karen Hardin,43,137780,48,2792,Medium Spender
Heather Fields,44,94767,48,9578,High Spender
Jose Hodges,63,23267,24,6208,High Spender
Jennifer Jimenez,25,50723,6,1491,Medium Spender
Lisa Gutierrez,77,108627,61,9067,High Spender
Michael Barnes,66,157152,27,4586,Medium Spender
Jeffrey Montes,80,152098,21,106,Low Spender
Travis Mcdowell,57,62446,82,2239,Medium Spender
Nathaniel White,70,199890,11,9183,High Spender
Dwayne Sutton,72,102778,100,6818,High Spender
Carmen Ford,61,162658,10,5510,High Spender
Patrick Bennett,46,21993,30,4819,Medium Spender
Ms. Sherri Roberts DDS,71,185248,75,3390,Medium Spender
Marvin Wade,26,118764,60,6026,High Spender
Jasmine Wilson,19,147153,9,8021,High Spender
Joshua Young,65,172207,27,2011,Medium Spender
Daniel Mcpherson,60,116899,3,1684,Medium Spender
Ellen Gomez,59,42034,43,163,Low Spender
Lauren Reid,27,183619,86,1317,Medium Spender
Alexis Cunningham,46,128700,83,5738,High Spender
Todd Ramirez,70,176988,97,3881,Medium Spender
Matthew Ramirez,76,142737,46,4645,Medium Spender
Sally Larson,44,37040,62,5393,High Spender
Jose Reyes,67,192346,27,8362,High Spender
Michelle Galvan,72,155698,39,5802,High Spender
Kevin Butler,26,160305,56,8243,High Spender
Cristian Hudson,59,198025,60,861,Low Spender
David Smith,20,50622,67,2206,Medium Spender
Lindsay Hernandez,23,124781,51,5893,High Spender
Sean Jackson,18,28231,33,8382,High Spender
Mary Camacho,45,136823,100,4797,Medium Spender
Antonio Sanchez,36,24036,99,4911,Medium Spender
Bradley Mcmahon,52,79814,48,6187,High Spender
Angela Yates,73,191515,81,8974,High Spender
Mary Davis,52,161333,3,2506,Medium Spender
Michelle Holden,25,156902,94,3248,Medium Spender
Angela Smith,32,78797,64,1967,Medium Spender
Anthony Sims,48,65896,29,9020,High Spender
John Gonzalez,38,191199,81,478,Low Spender
Ashley Mcclure,53,40278,43,1118,Medium Spender
Jessica Everett MD,47,119987,2,1936,Medium Spender
Ian Moore,56,134404,47,2069,Medium Spender
Olivia Stewart,68,120254,45,8801,High Spender
Douglas Mack,65,182964,38,3039,Medium Spender
Allen Jimenez,74,111305,56,2336,Medium Spender
Lori Green,74,162520,41,4219,Medium Spender
Jeffrey Chambers,24,162678,10,1731,Medium Spender
Katie Rowe,24,55949,70,7926,High Spender
Lisa Hill,28,56378,49,1501,Medium Spender
Dr. Charles Russo,57,85882,39,7599,High Spender
Sarah Hardin,27,182923,62,9275,High Spender
Keith Rios,65,167189,20,7298,High Spender
Jacob Garza,33,28826,87,2728,Medium Spender
Brandon Flores,70,102811,99,2832,Medium Spender
Erica Smith,72,41578,36,8149,High Spender
Stephanie Campbell,50,163489,62,8953,High Spender
Eric Evans,41,151395,89,4361,Medium Spender
Kimberly Hernandez,35,37076,24,1000,Medium Spender
Monica Logan,42,61891,27,452,Low Spender
Chad Lopez,22,32556,22,2846,Medium Spender
Shane Baker,47,196326,88,1713,Medium Spender
Timothy Perry,47,166613,93,2514,Medium Spender
Jennifer Ruiz,42,132177,33,1958,Medium Spender
Gary Smith,59,161868,23,3878,Medium Spender
Russell Oliver,18,174923,63,6679,High Spender
Patrick Riggs,78,84076,29,4017,Medium Spender
Megan Hernandez,53,189039,84,3687,Medium Spender
Alejandro Rivera,54,90700,53,9719,High Spender
Matthew Cisneros,27,114096,65,2257,Medium Spender
Ian White,29,95343,4,270,Low Spender
Tom Jones,80,46235,65,275,Low Spender
Barbara Humphrey,31,31877,91,7305,High Spender
James Tran MD,45,144564,78,7144,High Spender
Megan Huber,58,53507,24,506,Low Spender
Paula Miller,55,166487,26,6924,High Spender
Rebecca Adams,67,70091,89,7190,High Spender
Jerry Goodman,60,80351,80,5705,High Spender
Brandon Delacruz,43,23041,11,3785,Medium Spender
Kathryn Campos,36,115092,50,9808,High Spender
Charles Smith,56,28948,96,6185,High Spender
Cynthia Garza,41,136109,78,6768,High Spender
Mark Fuller,79,140476,38,755,Low Spender
Katelyn Harrell,77,142891,27,5344,High Spender
Jennifer Butler,28,63435,37,2541,Medium Spender
Edward Adams,18,43276,5,7862,High Spender
Dakota Estrada,61,90632,70,6984,High Spender
Deborah Wolf,46,61958,31,814,Low Spender
Jimmy Hudson,29,134081,33,7112,High Spender
Victor Anderson,20,170457,5,9558,High Spender
Alyssa Petersen,56,181625,51,5805,High Spender
Erica Donaldson,22,48484,6,3493,Medium Spender
Tina Stevens,31,93197,45,6110,High Spender
Emily Harrison,49,111104,9,662,Low Spender
Melissa Perkins,28,117323,88,9462,High Spender
Jessica Marshall MD,73,39292,70,6002,High Spender
Kyle Brown,40,44533,25,5810,High Spender
John Turner,62,157153,33,5435,High Spender
Tiffany Johnson,41,154664,99,556,Low Spender
Michael Liu,55,181109,39,2362,Medium Spender
Timothy Colon,50,104339,34,2040,Medium Spender
Joseph Evans,26,105705,100,8864,High Spender
Valerie Smith,60,59009,25,7838,High Spender
Joshua Parker,58,193551,25,765,Low Spender
Kevin Finley,80,76497,41,9392,High Spender
Linda Watts,46,171384,59,7604,High Spender
Benjamin Bass,31,101089,81,1095,Medium Spender
Jeffrey Aguilar,63,160031,3,6216,High Spender
Mark Caldwell,75,22625,94,2461,Medium Spender
Sandra Lam,20,164409,84,924,Low Spender
Abigail Eaton,27,79706,35,9816,High Spender
Lonnie Li,67,105770,78,6643,High Spender
Jennifer Sampson,62,75475,23,2133,Medium Spender
John Marsh,77,117067,95,8157,High Spender
Victor Anderson,62,124742,56,852,Low Spender
Rachael Poole,24,190523,51,9847,High Spender
Robert Riggs,79,118072,45,9912,High Spender
John Wyatt,70,150801,84,6419,High Spender
Emily Williams,61,34121,37,3439,Medium Spender
Kayla Rogers,68,58988,58,1426,Medium Spender
Adrienne Palmer,41,61190,16,9681,High Spender
Matthew Heath,22,96401,61,8978,High Spender
Christopher Jordan,20,189688,22,2124,Medium Spender
Morgan Martin,23,52915,32,7026,High Spender
Jose Johnson,76,162982,9,8798,High Spender
Mary Bailey,37,116242,72,8477,High Spender
Toni Garcia,55,128971,31,8190,High Spender
Cory Rivers,59,50629,41,7227,High Spender
Justin Wade,28,180898,75,3467,Medium Spender
Dustin Johnson,26,165339,33,5940,High Spender
Christopher Harris,60,70458,74,142,Low Spender
Jeremy Walton,47,38597,64,4579,Medium Spender
Alex Sexton,47,58105,61,6523,High Spender
Jessica Gilmore,46,102859,78,1680,Medium Spender
Brittany Henderson,60,64807,50,7628,High Spender
Christopher Cox,39,169211,19,4920,Medium Spender
Charles Bryan,47,77677,30,2176,Medium Spender
Samantha Johnson,54,74580,10,280,Low Spender
William Harris,63,90540,16,2455,Medium Spender
Vanessa Richards,22,151610,95,2854,Medium Spender
Samantha Pham,79,54650,20,2803,Medium Spender
Crystal Petty,40,34385,22,5135,High Spender
Jody Carroll,63,61110,26,1885,Medium Spender
Jermaine Caldwell,51,124162,39,558,Low Spender
Gary Sanchez,41,174313,82,8502,High Spender
Dennis Bradley,30,98457,29,8318,High Spender
Nathan Johnson,42,152740,29,8683,High Spender
Cindy Sandoval DDS,21,180398,51,314,Low Spender
Kathleen Ward,61,180038,68,8636,High Spender
Dean Krause,33,133619,45,5274,High Spender
Heather Wright,43,149812,51,7995,High Spender
Jorge Ferguson,56,118730,43,3456,Medium Spender
Monica Fry DVM,43,156874,64,3937,Medium Spender
Erin Humphrey,67,132736,72,9422,High Spender
Kristen Nguyen,41,78119,50,2886,Medium Spender
Robert Esparza,78,62894,41,8482,High Spender
Ralph Mccormick,33,190358,65,3813,Medium Spender
Peter Joyce,26,26781,13,7198,High Spender
Tyler Wells,43,75314,64,819,Low Spender
Patrick Oconnell,23,95347,37,1927,Medium Spender
Barbara Hall,77,31990,75,8961,High Spender
Ashley Fuentes,53,143490,92,9679,High Spender
Andrew Griffith,55,119828,11,9839,High Spender
Renee Gibson,26,116364,49,6666,High Spender
Victoria Mitchell,34,83276,9,8602,High Spender
Alexander Bridges,48,95903,45,9638,High Spender
Gina Adams,31,133779,7,2278,Medium Spender
Robin Ramirez,29,39036,25,2782,Medium Spender
Maria Robbins,21,58203,90,9088,High Spender
William Marquez,30,67045,52,3741,Medium Spender
Megan Fleming,55,152093,34,1464,Medium Spender
Robert Rose,19,106137,76,7842,High Spender
Chad Weaver,25,138239,61,7200,High Spender
Kimberly Gregory,79,171828,26,6449,High Spender
Stanley Mccall,29,181479,29,6037,High Spender
Raven Caldwell,72,52909,73,344,Low Spender
Debra Garcia,56,142683,68,5646,High Spender
Andrew Williams,26,47411,48,2284,Medium Spender
James Wright,70,160468,20,6406,High Spender
Heather Hensley,27,61338,86,251,Low Spender
James Smith,19,63362,73,8420,High Spender
Zachary Marshall,48,120414,85,5350,High Spender
Cristian Perry Jr.,54,50699,85,1199,Medium Spender
James Evans,46,69708,18,223,Low Spender
Jill Howard,54,189135,28,4407,Medium Spender
Jeremy Burke,33,183706,95,4443,Medium Spender
Raymond Wells,62,28915,43,7209,High Spender
Brenda Alvarez,62,42279,95,9863,High Spender
Kimberly Lara,58,141679,47,7607,High Spender
Adriana Hull,41,186020,4,1942,Medium Spender
Cynthia Jennings,65,89737,11,4183,Medium Spender
Nicole Torres,24,161608,67,3522,Medium Spender
Jamie Campos,37,129475,39,1740,Medium Spender
Dustin Evans,26,181435,71,5586,High Spender
James Green,61,117932,65,132,Low Spender
Matthew Jones,19,155396,23,3803,Medium Spender
Beth Acevedo,67,150341,45,9526,High Spender
Adrian Lawrence,21,100349,21,5257,High Spender
Hayden Lopez,56,155699,66,626,Low Spender
Matthew Ortiz,39,126559,21,5702,High Spender
Cheryl Baker,78,105284,44,6609,High Spender
Lisa Sanchez,24,134731,8,4890,Medium Spender
Zachary Potter,41,108380,34,2822,Medium Spender
Juan Andrews,39,166732,5,4441,Medium Spender
Jennifer Henderson,27,185948,44,7069,High Spender
Kristopher Cox,65,197586,65,5722,High Spender
Mark Reynolds,18,185209,67,813,Low Spender
Aaron Hale,54,29687,61,8480,High Spender
Theresa Hunt,35,40291,21,1385,Medium Spender
George White,75,76367,66,3865,Medium Spender
Charles Bowen,35,165062,23,3904,Medium Spender
Nicole Mason,41,140348,25,156,Low Spender
Chad Neal,63,119361,37,2477,Medium Spender
Cassandra Reyes,19,31369,11,5451,High Spender
Jaclyn Black,72,178871,53,2430,Medium Spender
Kelly Crosby,22,46213,37,6327,High Spender
Sue Weaver,33,42496,54,4180,Medium Spender
Thomas Pacheco,63,118746,54,2410,Medium Spender
Stephanie Gray,75,143087,92,2659,Medium Spender
Paul Long,40,171269,83,8173,High Spender
Tony Parker,33,70498,32,6319,High Spender
Justin Moore,29,179915,50,8364,High Spender
Kiara Smith,29,68166,8,4671,Medium Spender
Danielle Hawkins,63,21046,42,7567,High Spender
Peter Fitzgerald,48,37028,16,1281,Medium Spender
Elizabeth Hawkins,51,67919,26,606,Low Spender
Karen Johnson,48,123643,4,6490,High Spender
Erin Guerrero,58,170924,48,5635,High Spender
Barry Gonzales,39,49751,86,4452,Medium Spender
Katrina Lara,70,51115,18,4234,Medium Spender
Brooke Parker,41,42753,10,4052,Medium Spender
Amy Fields,27,59493,55,8112,High Spender
Melissa Johnson,70,38480,58,3627,Medium Spender
Brenda French,42,189754,72,3234,Medium Spender
Benjamin Kelly,54,138513,52,5116,High Spender
Steven Lee,51,168228,34,1591,Medium Spender
Amy Walker,56,169814,61,6936,High Spender
Jeffery Shields,75,26948,63,8883,High Spender
Cynthia Mitchell,63,184765,71,8996,High Spender
Phillip Scott,80,180473,91,9134,High Spender
Christopher Faulkner,58,176878,43,6367,High Spender
Jose Johns,52,195975,60,8865,High Spender
Gabriel Norton,75,79301,44,3350,Medium Spender
Evan Norris,25,158667,70,294,Low Spender
Jack Levy,38,69461,94,1912,Medium Spender
John Fowler,33,151661,40,2431,Medium Spender
Miss Kimberly Green,26,166422,31,680,Low Spender
Jeffrey Buchanan,24,142299,95,7558,High Spender
Kevin Lutz,23,186405,14,5323,High Spender
Alexandra York,69,193598,21,8618,High Spender
James Le,37,33814,70,8560,High Spender
Ryan Clark,62,21332,8,2537,Medium Spender
Ebony Fry,36,99105,87,7777,High Spender
Renee Gill,65,29210,15,8869,High Spender
Andrea Matthews,49,160938,17,2229,Medium Spender
Timothy Johnson,53,101616,17,9589,High Spender
Hannah Martinez,62,102121,31,7650,High Spender
Christopher Barker,47,166107,82,3077,Medium Spender
Nicholas Moore,56,180600,43,3214,Medium Spender
Melissa Christensen,29,90118,35,2894,Medium Spender
Jonathan Avila,33,26503,17,7089,High Spender
Barry Johnson,52,153917,7,9216,High Spender
Jennifer Flores,51,37361,98,5573,High Spender
Tony Mendoza,52,86643,5,6668,High Spender
Vernon Love,44,150020,79,8216,High Spender
Justin Valdez,62,132647,55,8988,High Spender
Lauren Beasley,36,145084,79,8270,High Spender
Melinda Spencer,39,39176,13,7234,High Spender
Claire Boyd,31,115083,23,8140,High Spender
Holly Patel,20,107473,39,3265,Medium Spender
Laura Eaton,56,154714,32,7361,High Spender
Tiffany Gardner,40,130235,84,5212,High Spender
Sarah Schneider,60,181922,64,6124,High Spender
Paul Ellis,26,139847,86,3085,Medium Spender
Karen Nguyen,46,193342,51,2560,Medium Spender
Adam Garcia,56,55400,33,633,Low Spender
Derek Watson,41,178344,19,9413,High Spender
Justin Monroe,45,97158,91,278,Low Spender
Sandra Pope,21,130563,76,6237,High Spender
Nicholas Carey,50,137932,70,1370,Medium Spender
David Johnson,36,62911,37,1703,Medium Spender
Ashley Griffin,73,31185,44,7159,High Spender
Amy Williams,54,139576,29,9893,High Spender
Catherine Glenn,76,149219,10,8632,High Spender
Brian Stevenson,74,188480,71,2520,Medium Spender
Rebecca Lopez,57,122508,100,4686,Medium Spender
Noah Scott,71,20902,22,7366,High Spender
Charles Howard,32,55199,54,2809,Medium Spender
Anita Diaz,67,88143,78,7443,High Spender
William Simmons,47,73920,55,7953,High Spender
Randall Santos,35,197939,41,7608,High Spender
Brandy Johnson,29,194290,21,7900,High Spender
Sabrina Williams,37,162876,4,3450,Medium Spender
Patrick Warren,62,86803,74,8880,High Spender
Amanda Evans,75,131552,24,4767,Medium Spender
Ryan Melton,71,110495,9,1571,Medium Spender
David Williams,21,102919,38,7632,High Spender
Jeff Tran,62,57932,3,5417,High Spender
Michelle Smith,44,172602,3,8326,High Spender
Jon Jones,19,83562,10,8100,High Spender
Maureen Clark,31,117040,4,3454,Medium Spender
Danielle Lopez MD,62,28938,62,9188,High Spender
Veronica Anderson,71,177999,48,6689,High Spender
Katelyn Lewis,74,48598,34,9519,High Spender
Crystal Lewis,45,149255,28,5342,High Spender
Rhonda Morrison,71,187901,80,3601,Medium Spender
Daniel Horn,75,27775,55,6501,High Spender
Timothy Brown,77,149322,60,3456,Medium Spender
Christopher Carrillo,28,111754,51,5591,High Spender
Ann Fuller,70,170715,62,3673,Medium Spender
Johnathan Wolf,59,85310,75,9240,High Spender
Emily Barnes,27,157736,35,4147,Medium Spender
Mary Flores,74,95483,54,3651,Medium Spender
James Mcdaniel,52,67133,97,7984,High Spender
Michael Allen,33,152678,52,597,Low Spender
